Titre,Auteur,Paroles
bella,gims,"bella, bella, bella, bella, whou ou ou ""bella"" whou ou ou ""bella"" whou ou ou ""bella"" whou ou ou ""bella""  elle répondait au nom de bella les gens du coin ne voulaient pas la cher-lâ elle faisait trembler tous les villages les gens me disaient : ""méfie toi de cette fille là""  elle répondait au nom de bella les gens du coin ne voulaient pas la cher-lâ elle faisait trembler tous les villages les gens me disaient : ""méfie toi de cette fille là""  était un phénomène, elle était pas humaine le genre de femme qui change le plus grand délinquant en gentleman une beauté sans pareille, tout le monde veut en emparer sans savoir elle les mène en bateau hypnotisés, on pouvait tout donner elle avait à demander puis aussitôt on démarrait on cherchait à impressionner, à devenir son préféré sans savoir elle les mène en bateau mais quand je la vois danser le soir aimerais devenir la chaise sur laquelle elle assoit ou moins que ça, un moins que rien juste une pierre sur son chemin  elle répondait au nom de bella les gens du coin ne voulaient pas la cher-lâ elle faisait trembler tous les villages les gens me disaient : ""méfie toi de cette fille là""  elle répondait au nom de bella les gens du coin ne voulaient pas la cher-lâ elle faisait trembler tous les villages les gens me disaient : ""méfie toi de cette fille là""  oui, est un phénomène qui aime hanter nos rêves cette femme était nommée, bella la peau dorée les femmes la haïssaient, autres la jalousaient mais les hommes ne pouvaient que aimer elle était pas ici, ni facile, ni difficile synonyme de ""magnifique"", à ses pieds : que des disciples qui devenaient vite indécis, tremblants comme les feuilles elle te caressait sans même te toucher mais quand je la vois danser le soir aimerai devenir la chaise sur laquelle elle assoit ou moins que ça, un moins que rien juste une pierre sur son chemin  elle répondait au nom de bella les gens du coin ne voulaient pas la cher-lâ elle faisait trembler tous les villages les gens me disaient : ""méfie toi de cette fille là""  elle répondait au nom de bella les gens du coin ne voulaient pas la cher-lâ elle faisait trembler tous les villages les gens me disaient : ""méfie toi de cette fille là""  allez, fais moi tourner la tête (hé-hé) tourner la tête (héhé) rend moi bête comme mes ieds-p (hé-hé) bête comme mes ieds-p (héhé) suis ombre de ton ien-ch (hé-hé) ombre de ton ien-ch (héhé) fais moi tourner la tête (hé-hé) tourner la tête (héhé) fais moi tourner la tête (hé-hé) tourner la tête (héhé) rend moi bête comme mes ieds-p (hé-hé) bête comme mes ieds-p (héhé) suis ombre de ton ien-ch (hé-hé) ombre de ton ien-ch (héhé) fais moi tourner la tête (hé-hé) tourner la tête (héhé)  elle répondait au nom de bella les gens du coin ne voulaient pas la cher-lâ elle faisait trembler tous les villages les gens me disaient : ""méfie toi de cette fille là""  elle répondait au nom de bella les gens du coin ne voulaient pas la cher-lâ elle faisait trembler tous les villages les gens me disaient : ""méfie toi de cette fille là""  elle répondait au nom de bella les gens du coin ne voulaient pas la cher-lâ elle faisait trembler tous les villages les gens me disaient : ""méfie toi de cette fille là""  elle répondait au nom de bella les gens du coin ne voulaient pas la cher-lâ elle faisait trembler tous les villages les gens me disaient : ""méfie toi de cette fille là"""
la même,gims,"[maître gims] mes amis entendez la vie que ai eue où les gens attendaient, je suis pas venu si je les emmêle, si je dérange est je suis un pêle-mêle, un mélange suis trop compliqué, je choisirai jamais que les deux côtés, ne me demandez pas où je veux aller, même les singes singent les sages et tous ces sages ont fait des cases où tous nous ranger  [maître gims & vianney] eh, eh, aye aye aye aye, aye, aye si je vous gêne, bah est la même si je vous gêne, bah est la même eh, eh, aye aye aye aye, aye, aye si je vous gêne, bah est la même si je vous gêne, bah est la même  [vianney] on prend des boîtes, on y range les gens au fond jamais, jamais on ne comprend comme homme est fait de mille boîtes, ces boîtes que on prend ne sont jamais assez grandes ai suivi mille chemins et serré dix mille mains on peut aimer brel et megui, aimer même nos ennemis  [maître gims] suis trop compliqué, je ne rentrerai jamais dans vos petites cases, je vis au jour le jour alors je zigzague toujours avec ces lunettes noires entends les gens se demander : ""quand est-ce que tombe le masque ?""  [maître gims & vianney] eh, eh, aye aye aye aye, aye, aye si je vous gêne, bah est la même si je vous gêne, bah est la même eh, eh, aye aye aye aye, aye, aye si je vous gêne, bah est la même si je vous gêne, bah est la même  [vianney & maître gims] es entré dans ma vie, ô ma liberté chérie la vie, est des envies, envie avant les avis es entré dans ma vie, ô ma liberté chérie la vie, est des envies, envie avant les avis eh, eh, aye aye aye aye, aye, aye si je vous gêne, bah est la même si je vous gêne, bah est la même  [maître gims & vianney] eh, eh, aye aye aye aye, aye, aye si je vous gêne, bah est la même si je vous gêne, bah est la même eh, eh, aye aye aye aye, aye, aye si je vous gêne, bah est la même si je vous gêne, bah est la même"
tout le monde y pense,francis cabrel,"tout le monde y pense, les hommes, les anges, les vautours, y a plus de distances, personne qui ait les bras trop courts, tout le monde espère, même à  arrière des arrière-cours, tout le monde veut son billet retour, amour, amour, amour, amour.  son éclat de chance, celui qui vous brûle, vous inonde, mais le ciel en balance, il y en a pas pour tout le monde, y a des gens plein les urgences, sous les lumières des abat-jour, qui attendent leur billet retour, amour, amour, amour, amour, amour.  ces anges qui dansent, sur ces pistes trempées alcools, dans ces caves immenses, les cheveux collés aux épaules, envolent en silence, et éparpillent au petit jour, en cherchant des billets retour, amour, amour, amour, amour, amour.  ces femmes qui avancent, en tenant au bout de leurs bras, ces enfants qui lancent, des pierres vers les soldats, est perdu avance, les cailloux sur des casques lourds, tout ça pour des billets retour, amour, amour, amour, amour, amour.  les hommes, les anges, les vautours... personne qui ait les bras trop courts... tout le monde y pense..."
ecris l histoire,grégory lemarchal,"voudrais-tu me voir, oublier, approcher, me croire, inviter ou pas savoir quand viendra la fin ?  est toi qui choisis de rester, me laisser ici, en douter est toi aussi qui sait et est bien  que veux tu je fasse ? effacer ou avancer pour etre dans ta trace tout de dire ou bien me taire que veux tu que je fasse ?  ecris histoire tout que tu voudras entre mes lignes ton territoire etendu si loin sur le mien ecris histoire dans ma memoire mais ecris jamais la fin  dis moi, tu préfères a genoux, parti ou par terre, a tes pieds pour avoir air de pas être rien ?  faut-il que arête ? un mot et en fais à ta tête, disparais, change de planète, sauf si tu retiens  que veux-tu de moi ? attendrai que tu me le dises un amour ou pas ? un qui te demande à toi : voudrais-tu de moi ?  ecris histoire tout que tu voudras entre mes lignes ton territoire etendu si loin sur le mien ecris histoire dans ma memoire mais ecris jamais la fin  ecris histoire tout que tu voudras entre mes lignes ton territoire etendu si loin sur le mien ecris histoire dans ma memoire mais ecris jamais la fin mais ecris jamais la fin"
en apesanteur,calogero,"arrive à  me glisser juste avant que les portes ne se referment elle me dit ""quel étage"" et sa voix me fait quitter la terre ferme alors les chiffres dansent tout se mélange je suis en tête-à -tête avec un ange  en apesanteur pourvu que les secondes soient des heures en apesanteur pourvu on soit les seuls dans cet ascenseur  elle arrange ses cheveux ai le coeur juste au bord des yeux et sans la regarder je sens la chaleur un autre langage alors les yeux rivés sur les étages pourvu que rien arrête le voyage  en apesanteur pourvu que les secondes soient des heures en apesanteur pourvu on soit les seuls dans cet ascenseur dans cet ascenseur  arrive à  me glisser juste avant que les portes ne se referment  en apesanteur pourvu que les secondes soient des heures en apesanteur pourvu on soit les seuls dans cet ascenseur  en apesanteur pourvu que les secondes soient des heures en apesanteur pourvu on soit les seuls dans cet ascenseur ."
4 mots sur un piano,patrick fiori,"quatre mots sur un piano, ceux elle a laissés quatre est autant de trop, je sais compter quatre vents sur un passé, mes rêves envolés mais aurait donc cet autre que je ai ? ne le saurai-je jamais ?  cas très banal, cliché, dénouement funeste trois moins deux qui en vont, ça fait moi qui reste caresses, égards et baisers, je ai pas su faire la partager me soufflait lucifer depuis je rêve enfer  moi aurais tout fait pour elle, pour un simple mot que lui donne autre que je offrirais ? elle était mon vent mes ailes, ma vie en plus beau etait-elle trop belle ou suis-je trop sot ? aime-t-on jamais assez ? quatre années belles à pleurer, maigre résumé cartes jouées mais la reine est cachée quatre millions de silences, de regrets qui dansent les questions, les soupirs et les sentences je préférais ses absences  moi aurais tant fait pour elle, pour boire à son eau que lui donne autre que je offrirais ? elle était mon vent mes ailes, ma vie en plus beau mais était-elle trop belle, ou bien nous trop sots ? aime-t-on jamais assez  vous étiez ma vie comme la nuit et le jour vous deux, nouez, filiez mon parfait amour un matin vous avez condamnée à choisir je ne vous aimais à deux je vous laisse, adieu choisir serait nous trahir  mais aurait donc cet autre que je ai ? ne le saurai-je jamais ? la partager me soufflait lucifer depuis je rêve enfer"
famille,génération goldman,"et crever le silence quand est à toi que je pense je suis loin de tes mains loin de toi, loin des tiens mais tout ça a pas importance  connais pas ta maison ni ta ville, ni ton nom pauvre, riche ou bâtard blanc, tout noir ou bizarre je reconnais ton regard  et tu cherches une image et tu cherches un endroit où je dérive parfois  tu es de ma famille de mon ordre et de mon rang celle que ai choisie celle que je ressens dans cette armée de simple gens  tu es de ma famille bien plus que celle du sang des poignées de secondes dans cet étrange monde il te protège il entend  tu sais pas bien où tu vas ni bien comment, ni pourquoi tu crois pas à grand chose ni tout gris, ni tout rose mais ce que tu crois, est à toi  es du parti des perdants consciemment, viscéralement et tu regardes en bas mais tu tomberas pas tant on aura besoin de toi  et tu prends les bonheurs comme grains de raisin petits bouts de petits riens   tu es de ma famille de mon ordre et de mon rang celle que ai choisie celle que je ressens dans cette armée de simple gens  tu es de ma famille bien plus que celle du sang des poignées de secondes dans cet étrange monde il te protège il entend  tu es de ma famille tu es de ma famille du même rang, du même vent tu es de ma famille tu es de ma famille croisons nos vies de temps en temps  tu es de ma famille de mon ordre et de mon rang celle que ai choisie celle que je ressens dans cette armée de simple gens  tu es de ma famille bien plus que celle du sang des poignées de secondes dans cet étrange monde il te protège il entend"
j'traine des pieds,olivia ruiz,"traînais les pieds et des casseroles aimais pas beaucoup école traînais les pieds et mes guiboles abîmées explorais mon quartier traînais des pieds dans mon café les vieux à la belote braillaient papi, mamie, tonton andré et toutes ces pépées a mes tits soins, à pouponner ecorché mon visage, écorchés mes genoux écorché mon tit coeur tout mou bousillées mes godasses, bousillé sur ma joue bousillées les miettes de nous la fumée du bœuf bourguignon toute la famille tête dans guidon du temps où on pouvait faire les cons les pensionnaires, les habitués, les gens passage surtout été joyeux bordel dans mon café ecorché mon visage, écorchés mes genoux écorché mon tit coeur tout mou balayée la terrasse, envolé le bout chou envolées les miettes de nous je traîne les pieds, traîne mes casseroles aime toujours pas école ecorché mon visage, écorchés mes genoux écorché mon tit coeur tout mou bousillées mes godasses, bousillé sur ma joue bousillées les miettes de nous"
est-ce que tu m'aimes,gims,"ai retrouvé sourire quand ai vu bout du tunnel où nous mènera ce jeu du mâle et de la femelle ? du mâle et de la femelle on était tellement complices, on a brisé nos complexes pour te faire comprendre, avais juste à lever le cil avais juste à lever le cil  étais prêt à graver ton image à encre noire sous mes paupières afin de te voir, même dans un sommeil éternel même dans un sommeil éternel même dans un sommeil éternel  étais censé aimer, mais ai vu averse ai cligné des yeux, tu étais plus la même est-ce que je aime ? sais pas si je aime est-ce que tu aimes ? sais pas si je aime  étais censé aimer, mais ai vu averse ai cligné des yeux, tu étais plus la même est-ce que je aime ? sais pas si je aime est-ce que tu aimes ? sais pas si je aime  pour t’éviter de souffrir, avais à te dire : ""je aime"" ça a fait mal de faire mal, je ai jamais autant souffert je ai jamais autant souffert quand ai mis la bague au doigt, me suis passé les bracelets pendant ce temps, le temps passe, et je subis tes balivernes et je subis tes balivernes  étais prêt à graver ton image à encre noire sous mes paupières afin de te voir, même dans un sommeil éternel même dans un sommeil éternel même dans un sommeil éternel  étais censé aimer, mais ai vu averse ai cligné des yeux, tu étais plus la même est-ce que je aime ? sais pas si je aime est-ce que tu aimes ? sais pas si je aime  étais censé aimer, mais ai vu averse ai cligné des yeux, tu étais plus la même est-ce que je aime ? sais pas si je aime est-ce que tu aimes ? sais pas si je aime  sais pas si je aime sais pas si je aime  me suis fais mal en envolant avais pas vu plafond de verre tu me trouverais ennuyeux si je aimais à ta manière si je aimais à ta manière si je aimais à ta manière  étais censé aimer, mais ai vu averse ai cligné des yeux, tu étais plus la même est-ce que je aime ? sais pas si je aime est-ce que tu aimes ? sais pas si je aime  étais censé aimer, mais ai vu averse ai cligné des yeux, tu étais plus la même est-ce que je aime ? sais pas si je aime est-ce que tu aimes ? sais pas si je aime  sais pas si je aime sais pas si je aime"
morgane de toi,renaud,"a un mariole, il a au moins quatre ans y veut piquer ta pelle et ton seau ta couche-culotte avec les bombecs dedans lolita défends-toi fous-y un coup rateau dans dos.  attends un peu avant te faire emmerder parces tits machos qui pensent à une chose jouer au docteur non conventionné y ai joué aussi je sais de quoi cause.  les connais bien les playboys des bacs à sable draguais leurs mères avant connaître la tienne si tu les écoutes y ront porter leurs cartables ment suis là que te garde et que aime.  lola, suis un fantôme quand tu vas où suis pas tu sais ma môme que suis morgane de toi sui morgane de toi  comme en ai marre de faire tatouer des machins qui font comme une bande dessinée sur la peau ai écrit ton nom avec des clous dorés un par un plantés dans le cuir de mon blouson dans dos  es la seule gonzesse que peux nir dans mes bras sans démettre une épaule sans plier sous ton poids tu pèses moins lourd un moineau qui mange pas déploie jamais tes ailes, lolita envole pas.  avec tes miches de rat on dirait des noisettes et ta peau plus sucrée un pain au chocolat tu risques donner faim à un tas de tits mecs quand iras à école si jamais y vas.  lola suis un fantôme quand tu vas où suis pas tu sais ma môme que suis morgane de toi suis morgane de toi.  ess-tu racontes ? tu veux un petit frangin ? tu veux achète un ami pierrot ? eh ! les bébés ça trouve pas dans les magasins et crois pas que ta mère voudra lui fasse un petit dans dos.  ben quoi lola on est pas bien ensemble ? tu crois pas on est déjà bien assez nombreux ? entends pas ce bruit est le monde qui tremble sous les cris des enfants qui sont malheureux.  allez viens avec moi embarque dans ma galère dans mon arche a la place pour tous les marmots avant ce monde devienne un grand cimetière faut profiter un peu du vent on a dans dos.  lola suis un fantôme quand tu vas où suis pas tu sais ma môme que suis morgane de toi."
savoir aimer,florent pagny,"savoir sourire a une inconnue qui passe en garder aucune trace sinon celle du plaisir  savoir aimer sans rien attendre en retour ni égard, ni grand amour pas même espoir être aimé  et savoir donner donner sans reprendre ne rien faire apprendre apprendre à aimer aimer sans attendre aimer à tout prendre apprendre à sourire rien que pour le geste sans vouloir le reste et apprendre à vivre et en aller  savoir attendre goûter à ce plein bonheur on vous donne comme par erreur tant on ne attendait plus se voir y croire pour tromper la peur du vide ancrée comme autant de rides qui ternissent les miroirs  mais savoir donner donner sans reprendre ne rien faire apprendre apprendre à aimer aimer sans attendre aimer à tout prendre apprendre à sourire rien que pour le geste sans vouloir le reste et apprendre à vivre et en aller  savoir souffrir en silence sans murmure ni défense ni armure souffrir à vouloir mourir et se relever comme on renaît de ses cendres avec tant amour à revendre on tire un trait sur le passé  et savoir donner donner sans reprendre ne rien faire apprendre apprendre à aimer aimer sans attendre aimer à tout prendre apprendre à sourire rien que pour le geste sans vouloir le reste et apprendre à vivre et en aller  apprendre à rêver a rêver pour deux rien en fermant les yeux et savoir donner donner sans rature ni demi-mesure apprendre à rester vouloir au bout rester malgré tout apprendre à aimer et en aller et s’en aller…"
sarbacane,francis cabrel,"on croyait savoir tout sur amour depuis toujours, nos corps par cœur et nos cœurs au chaud dans le velours, et puis te voilà bout de femme, comme soufflée une sarbacane. la ciel a même un autre éclat depuis toi.  les hommes poursuivent ce temps qui court depuis toujours, voilà que t’arrives et que tout éclaire sur mon parcours, pendue à mon cou comme une liane, comme le roseau de la sarbacane. le ciel est ouvert par endroits depuis toi.  pas besoin de phrases ni de longs discours, ça change tout dedans, ça change tout autour. finis les matins paupières en panne, lourdes comme les bouteilles de butane, ai presque plus ma tête à moi, depuis toi.  pas besoin de faire de trop longs discours, ça change tout dedans, ça change tout autour, pourvu que jamais tu ne éloignes, plus loin un jet de sarbacane, ai presque plus ma tête à moi, depuis toi.  alors te voilà bout de femme, comme soufflée une sarbacane. le ciel est ouvert par endroits, depuis toi. oh depuis toi"
de temps en temps,grégory lemarchal,"de temps en temps je craque sous le poids de espérance je vais parfois à contresens de temps en temps ai des flèches plantées au cœur de la peine, de la rancœur  de temps en temps je ris de rien je fais le con parce que aime bien de temps en temps avance en ayant peur je suis le fil de mes erreurs  et très souvent…  je me relève sous ton regard je fais des rêves où tout va bien je me bouscule te prends la main au crépuscule je te rejoins  je me relève sous ton regard je fais le rêve aller plus loin je me bouscule te prends la main du crépuscule au matin  de temps en temps je plie sous le poids du sort et des souffrances collées au corps de temps en temps je prends des coups dans le dos des conneries, des jeux de mots  de temps en temps je regrette innocence on peut avoir dans notre enfance de temps en temps je veux la paix pour moi je ai plus de respect    et très souvent… je me relève sous ton regard je fais des rêves où tout va bien je me bouscule te prends la main au crépuscule je te rejoins  je me relève sous ton regard je fais des rêves où tout va bien je me bouscule te prends la main du crépuscule au matin  de temps en temps je pense à tort que pas de larmes, est être fort au fond ce que attends est voir le bout de nos efforts que amour soit là encore"
elle a les yeux revolver,marc lavoine,"un peu spéciale, elle est célibataire le visage pâle, les cheveux en arrière et aime ça elle se dessine sous des jupes fendues et je devine des histoires défendues est comme ça ment si belle quand elle sort ment si belle, je aime ment si fort  elle a les yeux revolver, elle a le regard qui tue elle a tiré la première, a touché, est foutu elle a les yeux revolver, elle a le regard qui tue elle a tiré la première, elle a touché, est foutu  un peu larguée, un peu seule sur la terre les mains tendues, les cheveux en arrière et aime ça a faire amour sur des malentendus on vit toujours des moments défendus est comme ça ment si femme quand elle mord ment si femme, je aime ment si fort  elle a les yeux revolver, elle a le regard qui tue elle a tiré la première, a touché, est foutu elle a les yeux revolver, elle a le regard qui tue elle a tiré la première, elle a touché, est foutu  son corps achève sous des draps inconnus et moi je rêve de gestes défendus est comme ça un peu spéciale, elle est célibataire le visage pâle, les cheveux en arrière et aime ça ment si femme quand elle dort ment si belle, je aime ment si fort  elle a les yeux revolver, elle a le regard qui tue elle a tiré la première, a touché, est foutu elle a les yeux revolver, elle a le regard qui tue elle a tiré la première, elle a touché, est foutu"
miss maggie,renaud,"femmes du monde ou bien putains qui, bien souvent, êtes les mêmes femmes normales, stars ou boudins femelles en tout genre, je vous aime  même à la dernière des connes je veux dédier ces quelques vers issus de mon dégoût des hommes et de leur morale guerrière  car aucune femme sur la planète n’s’ra jamais plus con que son frère ni plus fière ni plus malhonnête a part peut-être, madame thatcher  femme je t’aime parce que lorsque le sport devient la guerre y’a pas de gonzesses, ou si peu dans les hordes des supporters  ces fanatiques fous furieux abreuvés de haine et de bière déifiant les crétins en bleu insultant les salauds en vert  y’a pas de gonzesse hooligan imbéciles et meurtrière y’en a pas, même en grande-bretagne a part, bien sûr, madame thatcher  femme je t’aime parce que une bagnole entre les pognes tu n’deviens pas aussi con que ces pauvres tarés qui se cognent  pour un phare un peu amoché ou pour un doigt tendu bien haut y’en a qui vont jusqu’à flinguer pour sauver leur auto-radio  le bras d’honneur de ces cons-là aucune femme n’est assez vulgaire pour l’employer à tour de bras a part, peut-être, madame thatcher  femme je t’aime parce que tu vas pas mourir à la guerre parce’ que la vue d’une arme à feu fait pas frissonner tes ovaires  parc’que dans les ranges des chasseurs qui dégomment la tourterelle et occasionnellement les beurs j’ai jamais vu une femelle  pas une femme n’est assez minable pour astiquer un revolver et se sentir invulnérable a part, bien sûr, madame thatcher  c’est pas un cerveau féminin qu’est sortie la bombe atomique et pas une femme n’a sur les mains le sang des indiens d’amérique  palestiniens et arméniens témoignent du fond de leurs tombeaux qu’un génocide c’est masculin comme un ss, un torero  dans cette putain d’humanité les assassins sont tous des frères pas une femme pour rivaliser a part peut-être, madame thatcher  femme je t’aime, surtout, enfin pour ta faiblesse et pour tes yeux quand la force de l’homme ne tient que dans son flingue ou dans sa queue  et quand viendra l’heure dernière l’enfer s’ra peuplé de crétins jouant au foot ou à la guerre a celui qui pisse le plus loin  moi je me changerai en chien si je peux rester la terre et comme réverbère quotidien je m’offrirai madame thatcher"
toi plus moi,grégoire,"toi plus moi, plus eux plus tous ceux qui le veulent, plus lui plus elle et tous ceux qui sont seuls allez venez et entrez dans la danse allez venez, laissez faire insouciance  a deux, à mille, je sais on est capable tout est possible tout est réalisable on peut enfuir bien plus haut que nos rêves on peut partir bien plus loin que la grève  oh toi plus moi, plus tous ceux qui le veulent, plus lui plus elle plus tous ceux qui sont seuls allez venez et entrez dans la danse allez venez est notre jour de chance  avec envie la force et le courage le froid la peur ne sont que des mirages laissez tomber les malheurs pour une fois allez venez, reprenez avec moi  oh, toi plus moi, plus tous ceux qui le veulent, plus lui plus elle et tous ceux qui sont seuls allez venez et entrez dans la danse allez venez laissez faire insouciance  je sais est vrai ma chanson est naïve même un peu bête , mais bien inoffensive et même si elle ne change pas le monde elle vous invite a entrer dans la ronde  oh toi plus moi plus tous ceux qui le veulent plus lui plus elle et tous ceux qui sont seuls allez venez et entrez dans la danse allez venez est notre jour de chance  espoir ardeur, prends tout ce il te faut mes bras mon cœur mes épaules et mon dos je veux te voir des étoiles dans les yeux je veux nous voir insoumis et heureux  oh toi plus moi plus tous ceux qui le veulent plus lui plus elle et tous ceux qui sont seuls allez venez et entrez dans la danse allez venez, laissez faire insouciance  oh toi plus moi plus tous ceux qui le veulent plus lui plus elle et tous ceux qui sont seuls allez venez et entrez dans la danse allez venez est notre jour de chance  oh toi plus moi plus tous ceux qui le veulent plus lui plus elle et tous ceux qui sont seuls allez venez et entrez dans la danse allez venez et entrez dans la danse"
"ella, elle l'a",france gall,"est comme une gaieté comme un sourire quelque chose dans la voix qui paraît nous dire ""viens"" qui nous fait sentir étrangement bien  est comme toute histoire du peuple noir qui se balance entre amour et désespoir quelque chose qui danse en toi si tu as, tu as  ella, elle a ce je sais quoi que autres ont pas qui nous met dans un drôle état ella, elle a ella, elle a  ou-ou ou-ou ou-ou ou elle a, ou-ou ou-ou ou-ou ou, cette drôle de voix elle a, ou-ou ou-ou ou-ou ou, cette drôle de joie ce don du ciel qui la rend belle  ella, elle a ella, elle a elle a, ou-ou ou-ou ou-ou ou ella, elle a elle a, ou-ou ou-ou ou-ou ou  elle a ce tout petit supplément âme cet indéfinissable charme cette petite flamme  tape sur des tonneaux sur des pianos sur tout ce que dieu peut te mettre entre les mains montre ton rire ou ton chagrin mais que tu aies rien, que tu sois roi que tu cherches encore les pouvoirs qui dorment en toi tu vois ça ne achète pas quand tu as tu as  ella, elle a ce je sais quoi que autres ont pas qui nous met dans un drôle état ella, elle a ella, elle a"
bienvenue chez moi,florent pagny,"a toi qui marches longtemps quand la pluie fais rage quand partent les ans quand la rue te vole tes nuits quand est toujours dimanche tant pis ...  a toi qui cherches un abri qui donnerais tes mains pour un peu de travail qui essaies de rester fier quand tes chaussures écaillent ...  y a toujours un poème pour le destin qui te blesse un qui aime pour les regrets que tu laisses si tu peux rester le même toi qui changes tant adresses ...  tu seras bienvenu chez moi bienvenu chez moi pour partager ivresse, les doutes, les peines et les joies bienvenu chez moi tu seras bienvenu chez moi si tu abandonnes pas si tu vaux plus que ce que tu crois ..  souvent les lèvres sont sèches et les portes sont closes quand la ville endort quand le corps est fatigué quand la solitude brûle plus fort .. a toi qui mérites mieux que des barreaux solides comme unique décor a ces rires invisibles qui te réveillent pas quand tu dors ..  y a toujours un soleil dans les larmes que tu verses et un qui sait ta patience et ta tendresse toi qui restes fort et droit devant les murs qui se dressent ...  oh, sois le bienvenu chez moi bienvenu chez moi sans or et sans promesse ai tant à  apprendre de toi bienvenu chez moi tu seras bienvenu chez moi si tu abandonnes pas tu vaux plus que ce que tu crois que ce que tu crois  et si tu veux crier tes désirs ici tu peux pleurer sans rougir ici tu peux parler sans mentir, mentir, mentir  et si tu veux hurler ton amour ne pas te taire des jours et des jours tu seras bienvenu toujours, oui toujours, toujours  reste le même je serai moi et si je plonge un jour dis-moi tu seras là , dis-moi bienvenu chez moi"
chanter,florent pagny,chanter pour oublier ses peines pour bercer un enfant chanter pour pouvoir dire je aime mais chanter tout le temps  pour implorer le ciel ensemble en une seule et même église retrouver essentiel et faire que les silences se brisent  en haut des barricades les pieds et poings liés couvrant les fusillades chanter sans arrêter  et faire unir nos voix autour du vin qui enivre chanter un qui en va pour ne pas cesser de vivre  chanter un qui en va pour ne pas cesser de vivre  chanter celui qui vient au monde aimer ne lui apprendre que amour en ne formant une même ronde chanter encore et toujours  un nouveau jour vient éclore pouvoir encore en émerveillé chanter malgré tout toujours plus fort je ne sais faire que chanter  et faire unir nos voix autour du vin qui enivre chanter un qui en va pour ne pas cesser de vivre  je ne sais faire que chanter pour un qui en va pour ne pas cesser de vivre  chanter pour oublier ses peines pour bercer un enfant chanter pour pouvoir dire je aime mais chanter tout le temps  en haut des barricades les pieds et poings liés couvrant les fusillades chanter sans arrêter  et faire unir nos voix autour du vin qui enivre chanter un qui en va pour ne pas cesser de vivre  je ne sais faire que chanter pour un qui en va pour ne pas cesser de vivre
et un jour une femme,florent pagny,"d’avoir passé des nuits blanches à rêver ce que les contes de fées vous laissent imaginer d’avoir perdu son enfance dans la rue des illusions déçues, passer inaperçu d’être tombé plus bas que la poussière et à la terre entière, en vouloir puis se taire d’avoir laissé jusqu’à sa dignité sans plus rien demander qu’on vienne vous achever  et un jour, une femme dont le regard vous frôle vous porte sur ses épaules, comme elle porte le monde et jusqu’à bout de force recouvre de son écorce, vos plaies les plus profondes puis un jour, une femme met sa main dans la vôtre pour vous parler d’un autre parce qu’elle porte le monde et jusqu’au bout d’elle même vous prouve qu’elle vous aime par l’amour qu’elle inonde jour après jour vous redonne confiance de toute sa patience vous remet debout r’trouver en soi, un avenir peut-être et surtout l’envie d’être, ce qu’elle attend de vous  et un jour, une femme dont le regard vous frôle vous porte sur ses épaules comme elle porte le monde et jusqu’à bout de force, recouvre de son écorce vos plaies les plus profondes… vos plaies les plus profondes…  et un jour cette femme, met sa main dans la vôtre pour vous parler d’un autre, parce qu’elle porte le monde et jusqu’au bout d’elle même, vous prouve qu’elle vous aime par l’amour qu’elle inonde… par l’amour qu’elle inonde…  et un jour, cette femme, dont le regard vous touche porte jusqu’à sa bouche, le front d’un petit môme et jusqu’au bout de soi, lui donne tout ce qu’elle a chaque pas, chaque seconde, jusqu’au bout du monde jusqu’au bout du monde"
sur ma route,black m,"sur ma route, oui il y a eu du move, oui de aventure dans movie une vie de roots sur ma route, oui je compte plus les soucis de quoi devenir fou, oui une vie de roots  sur ma route, oui il y a eu du move, oui de aventure dans movie, oui une vie de roots sur ma route, oui je compte plus les soucis de quoi devenir fou, oui une vie de roots  sur ma route sur ma route sur ma route sur ma route  sur ma route ai eu des moments de doute marchais sans savoir vers où étais têtu rien à foutre sur ma route avais pas de bagages en soute et dans ma poche pas un sous juste la famille entre nous sur ma route il y a eu un tas de bouchons la vérité ai souvent trébuché est-ce que tu sais que quand tu touches le fond il y a peu de gens chez qui tu peux te réfugier tu peux compter que sur tes chers parents parce que les amis, eux, disparaissent un par un oui il arrive avoir le front au sol parce que dieu est grand, et on est seul, on meurt seul  sur ma route, oui il y a eu du move, oui de aventure dans movie, oui une vie de roots sur ma route, oui je compte plus les soucis de quoi devenir fou, oui une vie de roots  sur ma route sur ma route sur ma route sur ma route  sur ma route on a fait des coups en douce impression mon cœur en souffre mais je suis sous anesthésie sur mon min ai croisé pas mal anciens ils me parlaient du lendemain et que tout allait si vite ne me parle pas de nostalgie parce que je avoue que mon cœur est trop fragile je suis comme un pirate naufragé oui mon équipage est plus endommagé je sèche mes larmes, je baisse les armes veux même plus savoir pourquoi ils me testent les autres si y a plus rien à prendre je sais il me reste une chose et ma route elle est trop longue pas le temps de faire une pause  sur ma route, oui il y a eu du move, oui de aventure dans movie, oui une vie de roots sur ma route, oui je compte plus les soucis de quoi devenir fou, oui une vie de roots  sur ma route, oui il y a eu du move, oui de aventure dans movie, oui une vie de roots sur ma route, oui je compte plus les soucis de quoi devenir fou, oui une vie de roots  sur ma route sur ma route sur ma route sur ma route sur ma route sur ma route  sur ma route, oui il y a eu du move, oui de aventure dans movie, oui une vie de roots sur ma route, oui je compte plus les soucis de quoi devenir fou, oui une vie de roots  sur ma route, oui il y a eu du move, oui de aventure dans movie, oui une vie de roots sur ma route, oui je compte plus les soucis de quoi devenir fou, oui une vie de roots  sur ma route sur ma route sur ma route sur ma route"
la seine,vanessa paradis,"elle sort de son lit, tellement sûre elle la seine, la seine, la seine. tellement jolie elle ensorcelle la seine, la seine, la seine.  extralucide, la lune est sur la seine, la seine, la seine tu es pas saoul, paris est sous la seine, la seine, la seine  je ne sais, ne sais, ne sais pas pourquoi on aime comme ça, la seine et moi je ne sais, ne sais, ne sais pas pourquoi on aime comme ça, la seine et moi.  extra lucille, quand tu es sur advertising la seine, la seine, la seine extravagante, quand ange est sur la seine, la seine, la seine  je ne sais, ne sais, ne sais pas pourquoi on aime comme ça, la scène et moi je ne sais, ne sais, ne sais pas pourquoi on aime comme ça, la scène et moi.  sur le pont des arts, mon coeur vacille. entre les eaux, air est si bon cet air si pur, je le respire nos reflets perchés sur ce pont.  on aime comme ça, la seine et moi. on aime comme ça, la scène et moi. on aime comme ça, la seine et moi. on aime comme ça, la scène et moi."
oh la,brice conrad,"ai dit oh la, hey, oh ai émis hypothèse a mes heures à mon aise, juste là.  ai pris mes somnifères ai les yeux dans les aires crois moi.  ai dit oh la, hey, oh dans la nuit bleue oh la, hey, oh. ai dis oh la la lune est belle quand elle sourit. dans la nuit bleue oh la, hey, oh  quand je te vois, quand je te sens, quand parles de toi seul.  quand imagine, quand rembobine, quand je aime, seul.  ai dit oh la, hey, oh dans la nuit bleue oh la, hey, oh. ai dis oh la la lune est belle quand elle sourit dans la nuit bleue. oh la, hey, oh  quand je bois espoir mon verre est plein. quand je broie du noir, mon verre est plein.  ai dit oh la, hey, oh dans la nuit bleue oh la, hey, oh. ai dis oh la la lune est belle quand elle sourit dans la nuit bleue. oh la, hey, oh  ai dit oh la !"
sans contrefaçon,mylene farmer,il faut choisir a mots doux je peux le dire sans contrefaçon je suis un garçon et pour un empire je ne veux me dévêtir puisque sans contrefaçon je suis un garçon  tout seul dans mon placard les yeux cernés de noir a abri des regards je défie le hasard dans ce monde qui a ni queue ni tête je en fais à ma tête un mouchoir au creux du pantalon je suis chevalier eon  il faut choisir a mots doux je peux le dire sans contrefaçon je suis un garçon et pour un empire je ne veux me dévêtir puisque sans contrefaçon je suis un garçon  tour à tour on me chasse de vos fréquentations je admets pas on menace mes résolutions je me fous bien des en dira-t-on je suis caméléon prenez garde à mes soldats de plomb est eux qui vous tueront  il faut choisir ...
jeune et con,damien saez,encore un jour se lève sur la planète france et je sors doucement de mes rêves je rentre dans la danse comme toujours il est huit heures du soir ai dormi tout le jour je me suis encore couché trop tard je me suis rendu sourd encore  encore une soirée où la jeunesse france encore elle va bien amuser ici rien a de sens alors on va danser faire semblant être heureux pour aller gentiment se coucher mais demain rien ira mieux  on est jeune et con ils sont vieux et fous puisque des hommes crèvent sous les ponts mais ce monde en fout on est que des pions content être à genoux puisque je sais un jour nous gagnerons a devenir fous  encore un jour se lève sur la planète france mais ai depuis longtemps perdu mes rêves je connais trop la danse comme toujours il est huit heure du soir ai dormi tout le jour mais je sais on est quelques milliards a chercher amour encore  encore une soirée ou la jeunesse france encore elle va bien amuser dans cet état urgence alors elle va danser faire semblant exister qui sait si on ferme les yeux on vivra vieux  on est jeune et con ils sont vieux et fous puisque des hommes crèvent sous les ponts mais ce monde en fout on est que des pions content être à genoux puisque je sais un jour nous nous aimerons comme des fous  encore un jour se lève sur la planète france et ai depuis longtemps perdu mes rêves je connais trop la danse comme toujours il est huit heures du soir ai dormi tout le jour mais je sais on est quelques milliards à chercher amour
j'ai demandé à la lune,indochine,"ai demandé à la lune et le soleil ne le sait pas je lui ai montré mes brûlures et la lune est moquée de moi et comme le ciel avait pas fière allure et que je ne guérissais pas je me suis dit quelle infortune et la lune est moquée de moi  ai demandé à la lune si tu voulais encore de moi elle a dit ""ai pas habitude de occuper des cas comme ça"" et toi et moi on était tellement sûr et on se disait quelquefois que était juste une aventure et que ça ne durerait pas  je ai pas grand chose à te dire et pas grand chose pour te faire rire car imagine toujours le pire et le meilleur me fait souffrir  ai demandé à la lune si tu voulais encore de moi elle a dit ""ai pas habitude de occuper des cas comme ça"" et toi et moi on était tellement sûr et on se disait quelques fois que était juste une aventure et que ça ne durerait pas"
manhattan-kaboul,renaud,"petit portoricain bien intégré, quasiment new-yorkais dans mon building tout de verre et d’acier je prends mon job, un rail de coke, un café  petite fille afghane de l’autre côté de la terre jamais entendu parler de manhattan mon quotidien c’est la misère et la guerre  deux étrangers au bout du monde, si différents deux inconnus, deux anonymes, mais pourtant pulvérisés sur l’autel de la violence éternelle  un 747 s’est explosé dans mes fenêtres mon ciel si bleu est devenu orage lorsque les bombes ont rasé mon village  deux étrangers au bout du monde, si différents deux inconnus, deux anonymes, mais pourtant pulvérisés sur l’autel de la violence éternelle  so long ! adieu mon rêve américain moi plus jamais esclave des chiens ils t’imposaient l’islam des tyrans ceux-là ont-ils jamais lu le coran ?  suis redev’nu poussière je s’rai pas maître de l’univers ce pays que j’aimais tell’ment serait-il finalement colosse aux pieds d’argile ?  les dieux, les religions les guerres de civilisation les armes, les drapeaux, les patries, les nations f’ront toujours de nous de la chair à canon  deux étrangers au bout du monde, si différents deux inconnus, deux anonymes, mais pourtant pulvérisés sur l’autel de la violence éternelle  deux étrangers au bout du monde, si différents deux inconnus, deux anonymes, mais pourtant pulvérisés sur l’autel de la violence éternelle…"
andalouse,kendji girac,"tu viens le soir, danser sur des airs de guitares, et puis tu bouges, tes cheveux noirs, tes lèvres rouges tu te balances, le reste a pas importance comme un soleil tu me brûles et me réveilles tu as dans les yeux, le sud et le feu je ai dans la peau  baila, baila oh!  toi toi ma belle andalouse, aussi belle que jalouse quand tu danses le temps arrête, je perds le nord, je perds la tête toi ma belle espagnole, quand tu bouges tes épaules je vois plus le monde autour, est peut-être ça amour.  des airs orient, le sourire et le cœur brûlant regard ébène, aime te voir bouger comme une reine ton corps ondule, déjà mes pensées se bousculent comme la lumière, il y a que toi qui éclaires tu as dans la voix le chaud et le froid je ai dans la peau  baila, baila oh!  toi toi ma belle andalouse, aussi belle que jalouse quand tu danses le temps arrête, je perds le nord, je perds la tête toi ma belle espagnole, quand tu bouges tes épaules je vois plus le monde autour, est peut-être ça amour.  oh yé yé yé oh oh oh yé yé yé oh oh yé yé yé oh oh (ma belle andalouse) oh yé yé yé oh (un, dos, tres, baila)  toi toi ma belle andalouse, aussi belle que jalouse quand tu danses le temps arrête, je perds le nord, je perds la tête toi ma belle espagnole, quand tu bouges tes épaules je vois plus le monde autour, est peut-être ça amour  toi toi ma belle andalouse, aussi belle que jalouse quand tu danses le temps arrête, je perds le nord, je perds la tête toi ma belle espagnole, quand tu bouges tes épaules je vois plus le monde autour, est peut-être ça amour"
mourir demain,natasha st pier,"il y a ceux qui prendraient un avion, d’autres qui s’enfermeraient chez eux les yeux fermés, toi, qu’est-ce que tu ferais ? (bis) il y en a qui voudraient revoir la mer, d’autres qui voudraient encore faire l’amour une dernière fois, toi, tu ferais quoi? ...et toi, tu ferais quoi?  si on devait mourir demain, qu’est-ce qu’on ferait de plus, qu’est-ce qu’on ferait de moins, si on devait mourir demain, moi, je t’aimerai. .....moi, je t’aimerai.  il y en a qui referaient leur passé, certains qui voudraient boire et faire la fête jusqu’au matin, d’autres qui prieraient....(bis) ceux qui s’en fichent et se donneraient du plaisir, et d’autres qui voudraient encore partir avant la fin, toi, qu’est-ce que tu ferais?...et toi, qu’est-ce que tu ferais?  si on devait mourir demain, qu’est-ce qu’on ferait de plus, qu’est-ce qu’on ferait de moins, si on devait mourir demain, moi, je t’aimerai.....moi, je t’aimerai... je t’aimerai  et toi, dis moi, est ce que tu m’aimeras jusqu’à demain et tous les jours d’après que rien, non rien, ne s’arrêtera jamais si on devait mourir demain, moi je t’aimerai... moi je t’aimerai... est-ce qu’on ferait du mal, du bien, si on avait jusqu’à demain, pour vivre tout ce qu’on a rêvé si on devait mourir demain, moi, je t’aimerai......moi, je t’aimerai..."
désenchantée,mylene farmer,"nager dans les eaux troubles des lendemains attendre ici la fin flotter dans air trop lourd du presque rien a qui tendre la main  si je dois tomber de haut que ma chute soit lente je ai trouvé de repos que dans indifférence pourtant, je voudrais retrouver innocence mais rien a de sens, et rien ne va  tout est chaos a côté tous mes idéaux : des mots abimés... je cherche une âme, qui pourra aider je suis une génération désenchantée, désenchantée  qui pourrait empêcher de tout entendre quand la raison effondre a quel saint se vouer qui peut prétendre nous bercer dans son ventre  si la mort est un mystère la vie a rien de tendre si le ciel a un enfer le ciel peut bien attendre dis moi, dans ces vents contraires comment y prendre plus rien a de sens, plus rien ne va."
envole-moi,jean jacques goldman,"minuit se lève en haut des tours les voix se taisent et tout devient aveugle et sourd la nuit camoufle pour quelques heures la zone sale et les épaves et la laideur  j’ai pas choisi de naître ici entre l’ignorance et la violence et l’ennui je m’en sortirai, je me le promets et s’il le faut j’emploierai des moyens légaux  envole-moi, envole-moi, envole-moi loin de cette fatalité qui colle à ma peau envole-moi, envole-moi remplis ma tête d’autres horizons, d’autres mots envole-moi  pas de question, ni rébellion règles du jeu fixées, mais les dés sont pipés l’hiver est glace, l’été est feu ici, y’a jamais de saison pour être mieux  j’ai pas choisi de vivre ici entre la soumission, la peur ou l’abandon je m’en sortirai, je te le jure a coup de livres, je franchirai tous ces murs  envole-moi, envole-moi, envole-moi loin de cette fatalité qui colle à ma peau envole-moi, envole-moi remplis ma tête d’autres horizons, d’autres mots envole-moi  envole-moi, envole-moi, envole-moi loin de cette fatalité qui colle à ma peau envole-moi, envole-moi remplis ma tête d’autres horizons, d’autres mots envole-moi  me laisse pas là, emmène-moi, envole-moi croiser d’autres yeux qui ne se résignent pas envole-moi, tire-moi de là montre-moi ces autres vies que je ne sais pas envole-moi  envole-moi, envole-moi, envole-moi regarde-moi bien, je ne leur ressemble pas me laisse pas là envole-moi avec ou sans toi, je ne finirai pas comme ça envole-moi"
derniere danse,kyo,"ai longtemps parcouru son corps effleuré cent fois son visage ai trouvé de or et même quelques étoiles en essuyant ses larmes et ai appris par cœur la pureté de ses formes parfois je les dessine encore elle fait partie de moi  je veux juste une dernière danse avant ombre et indifférence un vertige puis le silence je veux juste une dernière danse  je ai connue trop tôt mais est pas de ma faute la flèche a traversé ma peau est une douleur qui se garde qui fait plus de bien que de mal mais je connais histoire, il est déjà trop tard dans son regard, on peut apercevoir elle se prépare au long voyage  je veux juste une dernière danse avant ombre et indifférence un vertige puis le silence je veux juste une dernière danse  je peux mourir demain, ça ne change rien ai reçu de ses mains le bonheur ancré dans mon âme est même trop pour un seul homme je ai vue partir sans rien dire il fallait seulement elle respire merci avoir enchanté ma vie  avant ombre et indifférence un vertige puis le silence je veux juste une dernière danse  ai longtemps parcouru son corps effleuré cent fois son visage ai trouvé de or et même quelques étoiles en essuyant ses larmes et ai appris par cœur la pureté de ses formes parfois je les dessine encore elle fait partie de moi"
juste après,jean jacques goldman,"elle a éteint la lumière ? et puis qu’est-ce qu’elle a bien pu faire, juste après ?  se balader, prendre l’air ? oublier le sang, l’éther c’était la nuit ou le jour ? juste après  deux, trois mots d’une prière ? ou plutôt rien et se taire comme un cadeau qu’on savoure qu’a-t-elle fait ?  un alcool, un chocolat ? elle a bien un truc comme ça dans ces cas-là ?  le registre, un formulaire son quotidien, l’ordinaire son univers  a-t-elle écrit une lettre ? fini un bouquin peut-être ? une cigarette ?  qu’est-ce qu’on peut bien faire après ça ?  elle y est sûrement retournée le regarder respirer puis s’est endormie  comme dormait cet enfant si paisible en ignorant qu’on en pleurait jusqu’ici  mais qu’est-ce qu’on peut bien faire après ça ?"
a nos souvenirs,trois cafés gourmands,"comment puis-je oublier ce coin de paradis ce petit bout de terre où vit encore mon père ? comment pourrais-je faire pour me séparer elle ? oublier on est frère belle corrèze charnelle oublier ce matin que tu es parisien que as de eau dans vin que tu es parti loin ce était pas ma faute on joue des fausses notes on se trompe de chemin et on a du chagrin on se joue tout un drame on a des vagues à âme tu as du mal au cœur tu as peur du bonheur  acheter des tableaux et des vaches en photo est tout que as trouvé pour te la rappeler vous trouvez un peu con aimez pas ma chanson vous me croyez bizarre un peu patriotard le fruit ma réflexion ne touchera personne si vos pas ne résonnent jamais dans ma région est pire une religion au-delà une confession je aime à en mourir pour le meilleur et pour le pire et si je monte au ciel il y aura peut-être joel guillaume et jeremy et mon cousin piedri yoan ra en voyage dans un autre pays allez, fais tes bagages viens rejoindre tes amis !  on veut du claudie musette à en perdre la tête on veut un dernier chabrol un petit coup de niole les yeux de nos grands-mères la voix de nos grands-pères odeur de cette terre vue sur les monédières est pire un testament au-delà une confidence on est des tits enfants de ce joli coin de france enterrez nous vivants ""bayonnez"" il le faut mais prenez soin avant de remplir notre jabot la relève est pour toi notre petit lucas on laisse en héritage la piste nous on dégage le temps nous a gâté on en a bien profité on a des souvenirs en tête ce soir, faisons la fête !  acceptez ma rengaine elle veut juste te dire ""je aime"" soyez sûrs, en suis fier ai la corrèze en cathéter être avec vous ce soir ai le cœur qui pétille mimi, sers-nous à boire on a les yeux qui brillent...  acceptez ma rengaine elle veut juste te dire ""je aime"" soyez sûrs, en suis fier ai la corrèze en cathéter être avec vous ce soir ai le cœur qui pétille mimi, sers-nous à boire on a les yeux qui brillent..."
quand la ville dort,niagara,"un peu plus tard après la nuit et je n´ai pas encore dormi un peu plus tard après la fin de l´aurore mais est-ce que je t´aime encore. et pourquoi je l´ignore mes larmes s´évaporent et le silence est d´or. quand la ville dort je laisse aller le sort je n´ai aucun, je n´ai aucun, je n´ai aucun remords  mais si le ciel ne me tombe pas sur la tête si la lune a comme un air de fête si la neige ne fond pas au printemps alors j´aurais peut-être le temps.  j´ai oublié ce que j´ai fait la veille mais c´était sûrement des merveilles et quand la ville brûle sous les feux du soleil j´attends alors que tu t´éveilles. la nuit porte conseil je ne suis pas de celles que tu en que tu ensorcelles je me rebelle et si tu me décèles je me ferai, je me ferai, je me ferai la belle  mais si le ciel ne me tombe pas sur la tête si la lune a comme un air de fête si la neige ne fond pas au printemps alors j´aurais peut-être le temps.  et pourquoi, je l´ignore mes larmes s´évaporent et le silence, le silence est d´or quand la ville dort je laisse aller le sort je n´ai aucun, je n´ai aucun remords."
les gens qu'on aime,patrick fiori,"aurais pu traîner le long de mes rêves aurais pu air de rien attendre ici que la journée achève sortir le chien, si en avais un  aurais pu inventer des inventaires refaire et faire le point mais ce matin ai bien plus cher à faire bamdabadabam  ce matin, irai dire aux gens que aime oh juste merci être ce ils sont ils changent mes heures amères en poèmes et tous ces mots que nous taisons  ce matin, irai dire aux gens que aime oh! comme ils comptent pour moi chaque instant deux mots doux est mieux un beau requiem et les dire est important et dire avant, tant il est temps  on veut toujours attendre la prochaine remettre au lendemain est bien plus simple émettre des haines bien anonyme, tapis dans son coin et coulent nos vies et eau des fontaines avide quotidien et passent les jours et puis les semaines bamdabadabam  ce matin irai dire aux gens que aime oh juste merci être ce ils sont ils changent mes heures amères en poèmes et tous les mots que nous cachons  ce matin irai dire aux gens que aime ô comme ils comptent pour moi chaque instant deux mots doux est mieux un grand chrysanthème et le dire est important le rappeler de temps en temps  aurais pu traîner le long de mes rêves aurais pu air de rien attendre ici que la journée achève bamdabadabam  on devrait dire aux gens quand on les aime trouver les phrases, trouver le temps ils changent nos heures amères en poèmes on devrait tout se dire avant  il faut le dire aux gens quand on les aime comme ils comptent pour nous chaque instant les mots doux est mieux un beau requiem et tant on est là, bien vivant tout se dire tant il est temps"
la lettre,renan luce,"ai reçu une lettre il y a un mois peut-être arrivée par erreur maladresse de facteur aspergée de parfum rouge à lèvres carmin aurais dû cette lettre ne pas ouvrir peut-être mais moi je suis un homme qui aime bien ce genre de jeu (je) veux bien elle me nomme alphonse ou fred, est comme elle veut des jolies marguerites sur le haut de ses « i » des courbes manuscrites comme dans les abbayes quelques fautes orthographe une légère dyslexie et en guise de paraphe « ta petite blonde sexy » et moi je suis un homme qui aime bien ce genre de jeu (je) aime pas les nonnes et en suis tombé amoureux  elle écrit que dimanche elle ra sur la falaise où ai prise par les hanches et que dans hypothèse où aurais pas le tact assumer mes ébats elle choisira impact 30 mètres plus bas et moi je suis un homme qui aime bien ce genre enjeu (je) veux pas elle assomme car en suis tombé amoureux grâce au cachet la poste une ville sur la manche étais à avant-poste au matin du dimanche endroit était désert il faudra être patient des blondes suicidaires il y en a pas cent et moi je suis un homme qui aime bien ce genre enjeu (je) veux battre newton car je suis tombé amoureux  elle surplombait la manche quand je ai reconnue ai saisi par la manche ma petite ingénue qui ne était pas tant au regard du profil un petit habitant lui sait sous le nombril et moi je suis un homme qui aime bien ce genre enjeu (je) veux bien il me nomme papa - il le veut"
raise me up (je respire encore),corson,"encore je tombe la chute est longue je dors éveillé des lumières sombres eclairent les ombres des rêves oubliés  au loin tu m’appelles les mots se répètent lentement la voix des sirènes m’attire et m’entraîne vers le fond  come raise me up wake me up take me to the light raise me up come raise me up wake me up take me to the light raise me up wake me up wake me up  encore je plonge ta voix m’inonde comment respirer a contre sens dans l’ambulance je te sens tout prêt  ta voix me réveille comme un goût de ciel sur ma peau je te suis  come raise me up wake me up take me to the light raise me up come raise me up wake me up take me to the light raise me up wake me up wake me up  reste près de moi retiens-moi, je respire encore reste là si je retombe, je retombe  come raise me up wake me up take me to the light raise me up come raise me up wake me up take me to the light raise me up wake me up wake me up"
avec le temps,louise attaque,aimer sur un seul pied sans savoir où poser ses lèvres ou ses pensées si seulement j’avais si seulement j’avais   aimer mais d’un seul trait avoir su proposer si seulement j’avais si seulement j’avais   avec le temps fort nécessaire avec les yeux sous la lumière avec les mains ça c’est les nerfs avec le temps fort nécessaire   avec le temps fort nécessaire avec les yeux sous la lumière avec les mains ça c’est les nerfs avec le temps fort nécessaire   aimer sur un seul pied sans savoir ou poser ses lèvres ou ses pensées si seulement j’avais   avec le temps fort nécessaire avec les yeux sous la lumière avec les mains ça c’est les nerfs avec le temps fort nécessaire   avec le temps fort nécessaire avec les yeux sous la lumière avec les mains ça c’est les nerfs avec le temps fort nécessaire   avec le temps fort nécessaire   avec le temps fort nécessaire avec les yeux sous la lumière avec les mains ça c’est les nerfs   avec le temps fort nécessaire avec les yeux sous la lumière avec les mains ça c’est les nerfs avec le temps fort nécessaire   avec le temps   avec le temps fort nécessaire avec le temps
les voisines,renan luce,"ai toujours préféré aux voisins les voisines dont les ombres chinoises ondulent sur les volets je me suis inventé un amour pantomime où glissent en or et noir tes bas sur tes mollets de ma fenêtre en face caresse le plexiglas maudis les techniciens dont les stores vénitiens découpent en tranches la moindre pervenche déshabillée ai toujours préféré aux voisins les voisines qui sèchent leurs dentelles au vent, sur les balcons est un peu toi qui danse quand danse la mousseline invitée au grand bal de tes slips en coton de ma fenêtre en face caresse le plexiglasjle maudis les méninges inventeurs du sèche-linge plus de lèche-vitrines à ces cache-poitrines que tu séchais ai toujours préféré aux voisins les voisines qui vident leurs armoires en quête une décision dans une heure environ tu choisiras le jean tu enfileras bien sûr dans mon champ de vision de ma fenêtre en face, caresse le plexiglas concurrence déloyale de ton chauffage central une buée dense interrompt ma transe puis des épais rideaux et est la goutte eau un ravalement façade me cache ta palissade une maison de retraite construite devant ma nêtre sur un fil par centaines sèchent immenses gaines ai toujours préféré aux voisins les voisines..."
encore un soir,céline dion,"une photo, une date est à y pas croire était pourtant hier, mentirait ma mémoire et ces visages enfants, et le mien dans ce miroir  oh, est pas pour me plaindre, ça vous avez rien à craindre la vie a tellement gâtée, ai plutôt du mal à éteindre ô mon dieu, ai eu ma part et bien plus à tant égards  mais quand on vit trop beau, trop fort, on en oublie le temps qui passe comme on perd un peu le nord au milieu de trop vastes espaces à peine le temps de y faire, à peine on doit laisser la place ô si je pouvais  encore un soir, encore une heure encore une larme de bonheur une faveur comme une fleur un souffle, une erreur un peu de nous, un rien de tout pour tout se dire encore ou bien se taire en regards, juste un report à peine encore, même il est tard  ai jamais rien demandé, ça est pas la mer à boire allez, face à éternité, ça va même pas se voir ça restera entre nous, ô juste un léger retard  en a tant qui tuent le temps tant et tant qui le perdent ou le passent tant qui se mentent inventent en les rêvant des instants de grâce ô je donne ma place au paradis si on oublie sur terre encore hier  encore un soir, encore une heure encore une larme de bonheur une faveur comme une fleur un souffle, une erreur un peu de nous, un rien de tout pour tout se dire encore ou bien se taire en regards, juste un report à peine encore, je sais, il est tard  est pas grand-chose, rien une pause que le temps, les horloges se reposent et caresser juste un baiser, un baiser  encore un soir, encore une heure un peu de nous, un rien de tout un soir"
un peu de rêve,vitaa,"comme on se couche on se lève regarde ce qu’ils nous ont fait ils veulent tirer sur nos rêves ils le font pour de vrai  le mal ne connait pas la trève le mal est dans l’excès les petits préparent la relève pendant qu’on cherche la paix ce monde n’a plus d’âme ce monde n’a plus d’âme  vendez-moi un peu de rêve j’ai plus le temps sauvez-moi, ici je crève j’ai plus le cran je veux déployer mes ailes m’envoler je suis tellement seule ça m’obsède je cherche la paix on fait semblant nos cœurs saignent on est tous les mêmes avant que la lumière s’éteigne j’ai tout à donner et vendez-moi un peu de rêve j’ai plus de cran je cherche la paix  je cherche la paix  les choix c’est marche ou crève on veut juste exister ils ont peur qu’on s’élèvent comme ça vous négliger et toutes nos séquelles que rien ne peut réparer dis-moi des pantins c’est lequel qui dit la vérité  ce monde n’a plus d’âme ce monde n’a plus d’âme  tendez-moi un peu de rêve j’ai plus le temps sauvez-moi, ici je crève j’ai plus le cran je veux déployer mes ailes m’envoler je suis tellement seule ça m’obsède je cherche la paix on fait semblant nos cœurs saignent on est tous les mêmes avant que la lumière s’éteigne j’ai tout à donner et vendez-moi un peu de rêve j’ai plus de cran je cherche la paix  ils veulent nous contrôler ils veulent nous faire taire je cherche la paix tout miser pour toucher nos rêves je cherche la paix  et qu’est-ce que ça peut faire si on veut quitter l’enfer tendre les ailes pour toucher nos rêves  tendez-moi un peu de rêve j’ai plus le temps sauvez-moi, ici je crève j’ai plus le cran je veux déployer mes ailes m’envoler je suis tellement seule ça m’obsède je cherche la paix on fait semblant nos cœurs saignent on est tous les mêmes avant que la lumière s’éteigne j’ai tout à donner et vendez-moi un peu de rêve j’ai plus de cran je cherche la paix  je cherche la paix, le bonheur quitter l’enfer, ici j’ai peur je cherche la paix, le bonheur non, non, non, non, non, non je cherche la paix, le bonheur quitter l’enfer, ici j’ai peur je cherche la paix, le bonheur non, non, non, non, non, non"
pourvu qu'elles soient douces,mylene farmer,"ton regard oblique en rien est lubrique ta maman a trop fessé ton goût du revers a rien de pervers et ton bébé est pas fâché  ton kamasutra a bien cent ans âge mon dieu que est démodé le nec plus ultra en ce paysage est aimer les deux cotés  ta majesté jamais ne te déplaces ! sans ton petit oreiller a jamais je suis ton unique classe tout est que prix à payer  tu fais des ah ! des oh ! derrière ton ouvrage quand mon petit pantalon debout et de dos sans perdre courage dénude tes obsessions  tu entêtes à te foutre de tout mais pourvu elles soient douces un poète tu as que la lune en tête des mes rondeurs tu es k.o. ! tu entêtes à te foutre de tout mais pourvu elles soient douces un esthète tu as gardé un ""air bête""... tout est beau si est ""vue de dos"" !  ok ! prose ou poésie tout est que prétexte pas la peine de excuser muse ou égérie mes petits fesses ne cessent de inspirer  je fais de ah ! des oh ! jamais ne me lasse par amour pour un toqué ne faut-il pas que jeunesse se passe a quoi bon se bousculer ?  tu entêtes à te foutre de tout mais pourvu elles soient douces un poète tu as que la lune en tête des mes rondeurs tu es k.o. ! tu entêtes à te foutre de tout mais pourvu elles soient douces un esthète tu as gardé un ""air bête"" tout est beau si est ""vue de dos"""
j'oublierai ton nom,johnny hallyday,"de semaines inutiles en futiles dimanches de secondes immobiles aux aiguilles qui penchent j’oublierai ton nom  de quatre nouveaux murs dans un autre quartier de pinceaux, de peinture en meubles à installer j’oublierai ton nom  de la piste suante à la dernière danse de quelques nuits de feu aux matinées de cendres de cette agitation dénuée de tout sens du fond de ma raison jusqu’à mon inconscience  de la main d’un ami au baiser d’une bouche tous ceux qui sauront lire que le mal a fait mouche j’oublierai ton nom  j’oublierai ton nom de mille façons et cette certitude me fait plus mal encore j’aimais cette blessure c’était toi encore  i know it’s been tough, i’ve hurt you enough but you’ll never see that i must be free forget my name  you’ll find someone, somewhere all your troubles to share she’ll wipe out the past, and feel at last forget my name all the good and the bad times we’ve ever had will seem so far away you’ll wonder why you were sad there’s hundreds of ways to kill away the time that’s how you are made you know you’ll never be mine  de la main d’un ami au baiser d’une bouche tous ceux qui sauront lire que le mal a fait mouche j’oublierai ton nom  j’oublierai ton nom de mille façons et cette certitude me fait plus mal encore j’aimais cette blessure c’était toi encore  j’oublierai ton nom de mille façons pour les mêmes raisons qui m’ont fait t’aimer parce qu’il fallait bien vivre avant d’oublier  j’oublierai ton nom de mille façons et cette certitude m’est la pire des morts j’aimais cette blessure c’était toi encore  j’oublierai ton nom"
un homme debout,claudio capéo,"si je endors, me réveillerez-vous ? il fait si froid dehors, le ressentez-vous ? il fut un temps où étais comme vous malgré toutes mes galères, je reste un homme debout  priez pour que je en sorte priez pour que mieux je me porte ne me jetez pas la faute ne me fermez pas la porte  oui je vis, de jour en jour de squat en squat, un troubadour si je chante, est pour on regarde, ne serait-ce un tit bonjour vous vois passer, quand suis assis vous êtes debout, pressés, apprécie un tit regard, un tit sourire peu prennent le temps, ils ne font que courir  si je endors, me réveillerez-vous ? il fait si froid dehors, le ressentez-vous ? il fut un temps où étais comme vous malgré toutes mes galères, je reste un homme debout  la la la la la la la la la la la la la la la  merci bien pour la pièce en moment est dur, je confesse fin vais en sortir je atteste un jour avoir un toit, une adresse même si de toi à moi est dur, je stresse  le moral est pas toujours bon, le temps presse mais bon comment faire, à part ivresse comme futur et des promesses, en veux-tu ?  voilà ma vie, me suis pris des coups dans la tronche sois sûr que si tombe par terre tout monde passe mais personne ne bronche franchement à part les gosses qui regardent étrangement tout monde trouve ça normal que fasse la manche en veuillez pas, mais parfois, ai une envie abandonner  si je endors me réveillerez-vous ? il fait si froid dehors le ressentez-vous ? il fut un temps où étais comme vous malgré toutes mes galères je reste un homme debout  priez pour que je en sorte priez pour que mieux je me porte ne me jetez pas la faute ne me ferme pas la porte  si je endors me réveillerez-vous ? il fait si froid dehors le ressentez-vous ? il fut un temps où étais comme vous malgré toutes mes galères je reste un homme debout  si je endors me réveillerez-vous ? il fait si froid dehors le ressentez-vous ? il fut un temps où étais comme vous malgré toutes mes galères je reste un homme debout  la la la la la la la la la la la la la la la la la la la la la la la la la la la la la la la la la la la la la la la la  la la la la la la la la la la la la la la la  la la la la la la la la la la la la la la la"
je fais de toi mon essentiel,emmanuel moire,"je sais ton amour je sais eau versée sur mon corps sentir son cours jour après jour ai remonté les tourments pour approcher encore ai ton désir ancré sur le mien ai ton désir ancré à mes chevilles viens, rien ne nous retient à rien tout ne tient à nous  je fais de toi mon essentiel tu me fais naître parmi les hommes je fais de toi mon essentiel celle que aimerai plus que personne si tu veux on apprenne si tu veux on apprenne  tu sais mon amour tu sais les mots sous mes silences ce ils avouent, couvrent et découvrent ai à offrir des croyances pour conjurer absence ai avenir gravé dans ta main ai avenir tracé comme tu écris tiens, rien ne nous emmène plus loin un geste qui revient  je fais de toi mon essentiel tu me fais naître parmi les hommes je fais de toi mon essentiel celle que aimerais plus que personne si tu veux on apprenne si tu veux on apprenne si tu veux on apprenne...  je ferai de toi mon essentiel mon essentiel si tu veux on apprenne on appartienne"
